<?xml version="1.0" encoding="UTF-8"?>
<beans  
    xmlns="http://www.springframework.org/schema/beans"  
    xmlns:xsi="http://www.w3.org/2001/XMLSchema-instance"  
    xmlns:p="http://www.springframework.org/schema/p"  
    xsi:schemaLocation="http://www.springframework.org/schema/beans   
http://www.springframework.org/schema/beans/spring-beans-3.0.xsd">  

	<bean name = "bankAccountServiceImpl" class = "com.teja.assignment3.BankAccountServiceImpl"/>
		
	<bean name = "bankAccount" class = "com.teja.assignment3.BankAccount">
		<property name="accountId" value = "15236457824"/>
		<property name="accountHolderName" value="Teja"/>
		<property name="accountType" value="Savings"/>
		<property name="accountBalance" value="1520055"/>
	</bean>
	
	<bean name="bankAccounteRepositoryImpl" class = "com.teja.assignment3.BankAccountRepositoryImpl"/>
	
	<bean name = "bankAccountController" class = "com.teja.assignment3.BankAccountController" autowire="constructor"/>

</beans>
