<?xml version="1.0" encoding="UTF-8"?>
<beans xmlns="http://www.springframework.org/schema/beans"
    xmlns:xsi="http://www.w3.org/2001/XMLSchema-instance" xmlns:context="http://www.springframework.org/schema/context"
    xsi:schemaLocation="http://www.springframework.org/schema/beans 
    http://www.springframework.org/schema/beans/spring-beans-4.0.xsd">
    
    <bean id="question" class="SpringAssignments.Assignment2.Question">
    <property name="Questionid" value="1"></property>
    <property name="quesname" value="Name any three fruits"></property>
    <property name="qansmap">
    <map>
    <entry key="1" value="Mango"></entry>
    <entry key="2" value="Apple" ></entry>
    <entry key="3" value="Orange"></entry>
    </map>
    </property>
    <!--  <property name="qans">
    <List>
    <value>Mango</value>
    <value>Orange</value>
    <value>Apple</value>
    </List>
    </property>
    <property name="qansset">
    <set>
    <value>Mango</value>
    <value>Orange</value>
    <value>Apple</value>
    </set>
    </property> -->
    </bean>
 </beans>
    