<?xml version="1.0" encoding="UTF-8"?>
<beans xmlns="http://www.springframework.org/schema/beans"
	xmlns:ctx="http://www.springframework.org/schema/context"
	xmlns:xsi="http://www.w3.org/2001/XMLSchema-instance"
	xmlns:mvc="http://www.springframework.org/schema/mvc"
	xsi:schemaLocation="http://www.springframework.org/schema/beans 
	http://www.springframework.org/schema/beans/spring-beans-2.5.xsd
	http://www.springframework.org/schema/mvc
	http://www.springframework.org/schema/mvc/spring-mvc-3.0.xsd
	http://www.springframework.org/schema/context
	http://www.springframework.org/schema/context/spring-context-2.5.xsd ">
	
    <mvc:annotation-driven />
		<ctx:component-scan base-package="com.teja.controller"></ctx:component-scan>


            <bean class="org.springframework.web.servlet.i18n.LocaleChangeInterceptor">
                <property name="paramName" value="lang"></property>
            </bean>

 
	<bean id="messageSource" class="org.springframework.context.support.ReloadableResourceBundleMessageSource">
    	<property name="basename" value="/WEB-INF/Lang"/>
    </bean>
    
    <bean id="localeResolver" class="org.springframework.web.servlet.i18n.SessionLocaleResolver">
    <property name="defaultLocale" value="en" />
	</bean>
	
	 <bean
        class="org.springframework.web.servlet.view.InternalResourceViewResolver">
        <property name="prefix" value="/WEB-INF/views" />
        <property name="suffix" value=".jsp"></property>
    </bean>
	<bean class="org.springframework.web.servlet.mvc.annotation.DefaultAnnotationHandlerMapping">
	    <property name="interceptors">
	        <list>
	            <ref bean="localeChangeInterceptor" />
	        </list>
	    </property>
	</bean>
</beans>
